<?xml version="1.0" encoding="UTF-8"?>
<GenRun Id="synth_1" LaunchPart="xc7a100tcsg324-1" LaunchTime="1748277542" LaunchIncrCheckpoint="$PSRCDIR/utils_1/imports/synth_1/rgb_driver.dcp">
  <File Type="PA-TCL" Name="rgb_driver.tcl"/>
  <File Type="REPORTS-TCL" Name="rgb_driver_reports.tcl"/>
  <File Type="RDS-RDS" Name="rgb_driver.vds"/>
  <File Type="RDS-PROPCONSTRS" Name="rgb_driver_drc_synth.rpt"/>
  <File Type="RDS-UTIL" Name="rgb_driver_utilization_synth.rpt"/>
  <File Type="RDS-UTIL-PB" Name="rgb_driver_utilization_synth.pb"/>
  <File Type="RDS-DCP" Name="rgb_driver.dcp"/>
  <File Type="VDS-TIMINGSUMMARY" Name="rgb_driver_timing_summary_synth.rpt"/>
  <File Type="VDS-TIMING-PB" Name="rgb_driver_timing_summary_synth.pb"/>
  <FileSet Name="sources" Type="DesignSrcs" RelSrcDir="$PSRCDIR/sources_1" RelGenDir="$PGENDIR/sources_1">
    <Filter Type="Srcs"/>
    <File Path="$PPRDIR/../../../OneDrive/Desktop/apis_anatolia-main/apis_anatolia-main/VHDL_ile_FPGA_PROGRAMLAMA/ders17/debounce.vhd">
      <FileInfo>
        <Attr Name="UsedIn" Val="synthesis"/>
        <Attr Name="UsedIn" Val="simulation"/>
      </FileInfo>
    </File>
    <File Path="$PPRDIR/../../../OneDrive/Desktop/apis_anatolia-main/apis_anatolia-main/VHDL_ile_FPGA_PROGRAMLAMA/ders17/uart_tx.vhd">
      <FileInfo>
        <Attr Name="UsedIn" Val="synthesis"/>
        <Attr Name="UsedIn" Val="simulation"/>
      </FileInfo>
    </File>
    <File Path="$PSRCDIR/sources_1/new/rgb_deneme.vhd">
      <FileInfo>
        <Attr Name="UsedIn" Val="synthesis"/>
        <Attr Name="UsedIn" Val="simulation"/>
      </FileInfo>
    </File>
    <Config>
      <Option Name="DesignMode" Val="RTL"/>
      <Option Name="TopModule" Val="rgb_driver"/>
      <Option Name="TopAutoSet" Val="TRUE"/>
    </Config>
  </FileSet>
  <FileSet Name="constrs_in" Type="Constrs" RelSrcDir="$PSRCDIR/constrs_2" RelGenDir="$PGENDIR/constrs_2">
    <File Path="$PSRCDIR/constrs_2/new/DENEME.XDC">
      <FileInfo>
        <Attr Name="UsedIn" Val="synthesis"/>
        <Attr Name="UsedIn" Val="implementation"/>
      </FileInfo>
    </File>
    <Config>
      <Option Name="TargetConstrsFile" Val="$PSRCDIR/constrs_2/new/DENEME.XDC"/>
      <Option Name="ConstrsType" Val="XDC"/>
    </Config>
  </FileSet>
  <FileSet Name="utils" Type="Utils" RelSrcDir="$PSRCDIR/utils_1" RelGenDir="$PGENDIR/utils_1">
    <Filter Type="Utils"/>
    <File Path="$PSRCDIR/utils_1/imports/synth_1/rgb_driver.dcp">
      <FileInfo>
        <Attr Name="UsedIn" Val="synthesis"/>
        <Attr Name="UsedIn" Val="implementation"/>
        <Attr Name="UsedInSteps" Val="synth_1"/>
        <Attr Name="UsedInSteps" Val="synth_1_copy_1"/>
        <Attr Name="AutoDcp" Val="1"/>
      </FileInfo>
    </File>
    <Config>
      <Option Name="TopAutoSet" Val="TRUE"/>
    </Config>
  </FileSet>
  <Strategy Version="1" Minor="2">
    <StratHandle Name="Vivado Synthesis Defaults" Flow="Vivado Synthesis 2024"/>
    <Step Id="synth_design"/>
  </Strategy>
  <BlockFileSet Type="BlockSrcs" Name="xadc_wiz_0"/>
  <BlockFileSet Type="BlockSrcs" Name="fifo_generator_0"/>
</GenRun>
