<?xml version="1.0" encoding="UTF-8"?>
<GenRun Id="impl_1" LaunchPart="xc7a100tcsg324-1" LaunchTime="1748277542">
  <File Type="PA-TCL" Name="rgb_driver.tcl"/>
  <File Type="REPORTS-TCL" Name="rgb_driver_reports.tcl"/>
  <File Type="INIT-TIMING" Name="rgb_driver_timing_summary_init.rpt"/>
  <File Type="OPT-DCP" Name="rgb_driver_opt.dcp"/>
  <File Type="OPT-DRC" Name="rgb_driver_drc_opted.rpt"/>
  <File Type="OPT-METHODOLOGY-DRC" Name="rgb_driver_methodology_drc_opted.rpt"/>
  <File Type="OPT-HWDEF" Name="rgb_driver.hwdef"/>
  <File Type="OPT-TIMING" Name="rgb_driver_timing_summary_opted.rpt"/>
  <File Type="OPT-RQA-PB" Name="rgb_driver_rqa_opted.pb"/>
  <File Type="PWROPT-DCP" Name="rgb_driver_pwropt.dcp"/>
  <File Type="PWROPT-DRC" Name="rgb_driver_drc_pwropted.rpt"/>
  <File Type="PWROPT-TIMING" Name="rgb_driver_timing_summary_pwropted.rpt"/>
  <File Type="PLACE-DCP" Name="rgb_driver_placed.dcp"/>
  <File Type="PLACE-IO" Name="rgb_driver_io_placed.rpt"/>
  <File Type="PLACE-CLK" Name="rgb_driver_clock_utilization_placed.rpt"/>
  <File Type="PLACE-UTIL" Name="rgb_driver_utilization_placed.rpt"/>
  <File Type="PLACE-UTIL-PB" Name="rgb_driver_utilization_placed.pb"/>
  <File Type="PLACE-CTRL" Name="rgb_driver_control_sets_placed.rpt"/>
  <File Type="PLACE-SIMILARITY" Name="rgb_driver_incremental_reuse_placed.rpt"/>
  <File Type="PLACE-PRE-SIMILARITY" Name="rgb_driver_incremental_reuse_pre_placed.rpt"/>
  <File Type="PLACE-TIMING" Name="rgb_driver_timing_summary_placed.rpt"/>
  <File Type="PLACE-RQA-PB" Name="rgb_driver_rqa_placed.pb"/>
  <File Type="POSTPLACE-PWROPT-DCP" Name="rgb_driver_postplace_pwropt.dcp"/>
  <File Type="POSTPLACE-PWROPT-TIMING" Name="rgb_driver_timing_summary_postplace_pwropted.rpt"/>
  <File Type="PHYSOPT-DCP" Name="rgb_driver_physopt.dcp"/>
  <File Type="PHYSOPT-DRC" Name="rgb_driver_drc_physopted.rpt"/>
  <File Type="PHYSOPT-TIMING" Name="rgb_driver_timing_summary_physopted.rpt"/>
  <File Type="ROUTE-ERROR-DCP" Name="rgb_driver_routed_error.dcp"/>
  <File Type="ROUTE-DCP" Name="rgb_driver_routed.dcp"/>
  <File Type="ROUTE-BLACKBOX-DCP" Name="rgb_driver_routed_bb.dcp"/>
  <File Type="ROUTE-DRC" Name="rgb_driver_drc_routed.rpt"/>
  <File Type="ROUTE-DRC-PB" Name="rgb_driver_drc_routed.pb"/>
  <File Type="ROUTE-DRC-RPX" Name="rgb_driver_drc_routed.rpx"/>
  <File Type="ROUTE-METHODOLOGY-DRC" Name="rgb_driver_methodology_drc_routed.rpt"/>
  <File Type="ROUTE-METHODOLOGY-DRC-RPX" Name="rgb_driver_methodology_drc_routed.rpx"/>
  <File Type="ROUTE-METHODOLOGY-DRC-PB" Name="rgb_driver_methodology_drc_routed.pb"/>
  <File Type="ROUTE-PWR" Name="rgb_driver_power_routed.rpt"/>
  <File Type="ROUTE-PWR-SUM" Name="rgb_driver_power_summary_routed.pb"/>
  <File Type="ROUTE-PWR-RPX" Name="rgb_driver_power_routed.rpx"/>
  <File Type="ROUTE-STATUS" Name="rgb_driver_route_status.rpt"/>
  <File Type="ROUTE-STATUS-PB" Name="rgb_driver_route_status.pb"/>
  <File Type="ROUTE-TIMINGSUMMARY" Name="rgb_driver_timing_summary_routed.rpt"/>
  <File Type="ROUTE-TIMING-PB" Name="rgb_driver_timing_summary_routed.pb"/>
  <File Type="ROUTE-TIMING-RPX" Name="rgb_driver_timing_summary_routed.rpx"/>
  <File Type="ROUTE-SIMILARITY" Name="rgb_driver_incremental_reuse_routed.rpt"/>
  <File Type="ROUTE-CLK" Name="rgb_driver_clock_utilization_routed.rpt"/>
  <File Type="ROUTE-BUS-SKEW" Name="rgb_driver_bus_skew_routed.rpt"/>
  <File Type="ROUTE-BUS-SKEW-PB" Name="rgb_driver_bus_skew_routed.pb"/>
  <File Type="ROUTE-BUS-SKEW-RPX" Name="rgb_driver_bus_skew_routed.rpx"/>
  <File Type="ROUTE-RQS-PB" Name="rgb_driver_rqs_routed.pb"/>
  <File Type="POSTROUTE-PHYSOPT-DCP" Name="rgb_driver_postroute_physopt.dcp"/>
  <File Type="POSTROUTE-PHYSOPT-BLACKBOX-DCP" Name="rgb_driver_postroute_physopt_bb.dcp"/>
  <File Type="POSTROUTE-PHYSOPT-TIMING" Name="rgb_driver_timing_summary_postroute_physopted.rpt"/>
  <File Type="POSTROUTE-PHYSOPT-TIMING-PB" Name="rgb_driver_timing_summary_postroute_physopted.pb"/>
  <File Type="POSTROUTE-PHYSOPT-TIMING-RPX" Name="rgb_driver_timing_summary_postroute_physopted.rpx"/>
  <File Type="POSTROUTE-PHYSOPT-BUS-SKEW" Name="rgb_driver_bus_skew_postroute_physopted.rpt"/>
  <File Type="POSTROUTE-PHYSOPT-BUS-SKEW-PB" Name="rgb_driver_bus_skew_postroute_physopted.pb"/>
  <File Type="POSTROUTE-PHYSOPT-BUS-SKEW-RPX" Name="rgb_driver_bus_skew_postroute_physopted.rpx"/>
  <File Type="BG-BIT" Name="rgb_driver.bit"/>
  <File Type="BG-BIN" Name="rgb_driver.bin"/>
  <File Type="BITSTR-MSK" Name="rgb_driver.msk"/>
  <File Type="BITSTR-RBT" Name="rgb_driver.rbt"/>
  <File Type="BITSTR-NKY" Name="rgb_driver.nky"/>
  <File Type="BITSTR-BMM" Name="rgb_driver_bd.bmm"/>
  <File Type="BITSTR-MMI" Name="rgb_driver.mmi"/>
  <File Type="PDI-FILE" Name="rgb_driver.pdi"/>
  <File Type="BOOT-PDI-FILE" Name="rgb_driver_boot.pdi"/>
  <File Type="PL-PDI-FILE" Name="rgb_driver_pld.pdi"/>
  <File Type="RCFI_FILE" Name="rgb_driver.rcfi"/>
  <File Type="CFI_FILE" Name="rgb_driver.cfi"/>
  <File Type="RNPI_FILE" Name="rgb_driver.rnpi"/>
  <File Type="NPI_FILE" Name="rgb_driver.npi"/>
  <File Type="RBD_FILE" Name="rgb_driver.rbd"/>
  <File Type="BITSTR-LTX" Name="debug_nets.ltx"/>
  <File Type="BITSTR-LTX" Name="rgb_driver.ltx"/>
  <File Type="BITSTR-SYSDEF" Name="rgb_driver.sysdef"/>
  <File Type="BG-BGN" Name="rgb_driver.bgn"/>
  <File Type="BG-DRC" Name="rgb_driver.drc"/>
  <File Type="RDI-RDI" Name="rgb_driver.vdi"/>
  <File Type="WBT-USG" Name="usage_statistics_webtalk.html"/>
  <File Type="ROUTE-RQS" Name="rgb_driver_routed.rqs"/>
  <File Type="POSTROUTE-PHYSOPT-RQS" Name="rgb_driver_postroute_physopted.rqs"/>
  <File Type="ROUTE-RQS-RPT" Name="route_report_qor_suggestions_0.rpt"/>
  <File Type="POSTROUTE-PHYSOPT-RQS-RPT" Name="postroute_physopt_report_qor_suggestions_0.rpt"/>
  <FileSet Name="sources" Type="DesignSrcs" RelSrcDir="$PSRCDIR/sources_1" RelGenDir="$PGENDIR/sources_1">
    <Filter Type="Srcs"/>
    <File Path="$PPRDIR/../../../OneDrive/Desktop/apis_anatolia-main/apis_anatolia-main/VHDL_ile_FPGA_PROGRAMLAMA/ders17/debounce.vhd">
      <FileInfo>
        <Attr Name="UsedIn" Val="synthesis"/>
        <Attr Name="UsedIn" Val="simulation"/>
      </FileInfo>
    </File>
    <File Path="$PPRDIR/../../../OneDrive/Desktop/apis_anatolia-main/apis_anatolia-main/VHDL_ile_FPGA_PROGRAMLAMA/ders17/uart_tx.vhd">
      <FileInfo>
        <Attr Name="UsedIn" Val="synthesis"/>
        <Attr Name="UsedIn" Val="simulation"/>
      </FileInfo>
    </File>
    <File Path="$PSRCDIR/sources_1/new/rgb_deneme.vhd">
      <FileInfo>
        <Attr Name="UsedIn" Val="synthesis"/>
        <Attr Name="UsedIn" Val="simulation"/>
      </FileInfo>
    </File>
    <Config>
      <Option Name="DesignMode" Val="RTL"/>
      <Option Name="TopModule" Val="rgb_driver"/>
      <Option Name="TopAutoSet" Val="TRUE"/>
    </Config>
  </FileSet>
  <FileSet Name="constrs_in" Type="Constrs" RelSrcDir="$PSRCDIR/constrs_2" RelGenDir="$PGENDIR/constrs_2">
    <File Path="$PSRCDIR/constrs_2/new/DENEME.XDC">
      <FileInfo>
        <Attr Name="UsedIn" Val="synthesis"/>
        <Attr Name="UsedIn" Val="implementation"/>
      </FileInfo>
    </File>
    <Config>
      <Option Name="TargetConstrsFile" Val="$PSRCDIR/constrs_2/new/DENEME.XDC"/>
      <Option Name="ConstrsType" Val="XDC"/>
    </Config>
  </FileSet>
  <FileSet Name="utils" Type="Utils" RelSrcDir="$PSRCDIR/utils_1" RelGenDir="$PGENDIR/utils_1">
    <Filter Type="Utils"/>
    <File Path="$PSRCDIR/utils_1/imports/synth_1/rgb_driver.dcp">
      <FileInfo>
        <Attr Name="UsedIn" Val="synthesis"/>
        <Attr Name="UsedIn" Val="implementation"/>
        <Attr Name="UsedInSteps" Val="synth_1"/>
        <Attr Name="UsedInSteps" Val="synth_1_copy_1"/>
        <Attr Name="AutoDcp" Val="1"/>
      </FileInfo>
    </File>
    <Config>
      <Option Name="TopAutoSet" Val="TRUE"/>
    </Config>
  </FileSet>
  <Strategy Version="1" Minor="2">
    <StratHandle Name="Vivado Implementation Defaults" Flow="Vivado Implementation 2024"/>
    <Step Id="init_design"/>
    <Step Id="opt_design"/>
    <Step Id="power_opt_design"/>
    <Step Id="place_design"/>
    <Step Id="post_place_power_opt_design"/>
    <Step Id="phys_opt_design"/>
    <Step Id="route_design"/>
    <Step Id="post_route_phys_opt_design"/>
    <Step Id="write_bitstream"/>
  </Strategy>
  <BlockFileSet Type="BlockSrcs" Name="xadc_wiz_0"/>
  <BlockFileSet Type="BlockSrcs" Name="fifo_generator_0"/>
</GenRun>
